conta_contabil;uniorcam;saldo_atual_debito;saldo_atual_credito;especificacao;escrituracao;data_inicial;data_final;data_geracao;conferencia_externa;conferencia_saldo;conferencia_nivel;conferencia_natureza
1.0.0.0.0.00.00.00.00.00.00.000;0101;1.362.711,27;0,00;ATIVO;N;2021-01-01;2021-04-30;2021-05-06;;;;testFechamentoDosLancamentosNasContasPatrimoniais
1.1.0.0.0.00.00.00.00.00.00.000;0101;1.296.766,56;0,00;"ATIVO CIRCULANTE";N;2021-01-01;2021-04-30;2021-05-06;;;;testFechamentoDosLancamentosNasContasPatrimoniais
1.1.1.0.0.00.00.00.00.00.00.000;0101;253.358,09;0,00;"CAIXA E EQUIVALENTES DE CAIXA";N;2021-01-01;2021-04-30;2021-05-06;testDisponibilidadesTestadasManualmente;;;testFechamentoDosLancamentosNasContasPatrimoniais
1.1.1.1.0.00.00.00.00.00.00.000;0101;253.358,09;0,00;"CAIXA E EQUIVALENTES DE CAIXA EM MOEDA NACIONAL";N;2021-01-01;2021-04-30;2021-05-06;testDisponibilidadesTestadasManualmente;;;testFechamentoDosLancamentosNasContasPatrimoniais
1.1.1.1.1.00.00.00.00.00.00.000;0101;253.358,09;0,00;"CAIXA E EQUIVALENTES DE CAIXA EM MOEDA NACIONAL - CONSOLIDACAO";N;2021-01-01;2021-04-30;2021-05-06;testDisponibilidadesTestadasManualmente;;;testFechamentoDosLancamentosNasContasPatrimoniais
1.1.1.1.1.19.00.00.00.00.00.000;0101;0,00;0,00;"BANCOS CONTA MOVIMENTO - DEMAIS CONTAS";N;2021-01-01;2021-04-30;2021-05-06;testDisponibilidadesTestadasManualmente;;;testFechamentoDosLancamentosNasContasPatrimoniais
1.1.1.1.1.19.12.00.00.00.00.000;0101;0,00;0,00;"BANCO DO ESTADO DO RIO GRANDE DO SUL";N;2021-01-01;2021-04-30;2021-05-06;testDisponibilidadesTestadasManualmente;;;testFechamentoDosLancamentosNasContasPatrimoniais
1.1.1.1.1.19.12.05.00.00.00.000;0101;0,00;0,00;"BANRISUL GERAL CAMARA MOV 0001 1064/04.080187.0-6";S;2021-01-01;2021-04-30;2021-05-06;testDisponibilidadesTestadasManualmente;;;testFechamentoDosLancamentosNasContasPatrimoniais
1.1.1.1.1.19.12.20.00.00.00.000;0101;0,00;0,00;"BANRISUL CM RETENCOES MOV 8001 1064/04.080187.0-6";S;2021-01-01;2021-04-30;2021-05-06;testDisponibilidadesTestadasManualmente;;;testFechamentoDosLancamentosNasContasPatrimoniais
1.1.1.1.1.50.00.00.00.00.00.000;0101;253.358,09;0,00;"APLICACOES FINANCEIRAS DE LIQUIDEZ IMEDIATA";N;2021-01-01;2021-04-30;2021-05-06;testDisponibilidadesTestadasManualmente;;;testFechamentoDosLancamentosNasContasPatrimoniais
1.1.1.1.1.50.03.00.00.00.00.000;0101;253.358,09;0,00;"FUNDOS DE INVESTIMENTO";N;2021-01-01;2021-04-30;2021-05-06;testDisponibilidadesTestadasManualmente;;;testFechamentoDosLancamentosNasContasPatrimoniais
1.1.1.1.1.50.03.22.00.00.00.000;0101;253.358,09;0,00;"BANRISUL GERAL CAMARA APLIC 0001 1064/04.080187.0-6";S;2021-01-01;2021-04-30;2021-05-06;testDisponibilidadesTestadasManualmente;;;testFechamentoDosLancamentosNasContasPatrimoniais
1.1.3.0.0.00.00.00.00.00.00.000;0101;1.043.318,47;0,00;"DEMAIS CREDITOS E VALORES A CURTO PRAZO";N;2021-01-01;2021-04-30;2021-05-06;;;;testFechamentoDosLancamentosNasContasPatrimoniais
1.1.3.8.0.00.00.00.00.00.00.000;0101;1.043.318,47;0,00;"OUTROS CREDITOS A RECEBER E VALORES A CURTO PRAZO";N;2021-01-01;2021-04-30;2021-05-06;;;;testFechamentoDosLancamentosNasContasPatrimoniais
1.1.3.8.2.00.00.00.00.00.00.000;0101;1.043.318,47;0,00;"OUTROS CREDITOS A RECEBER E VALORES A CURTO PRAZO - INTRA-OFSS";N;2021-01-01;2021-04-30;2021-05-06;;;;testFechamentoDosLancamentosNasContasPatrimoniais
1.1.3.8.2.99.00.00.00.00.00.000;0101;1.043.318,47;0,00;"OUTROS CREDITOS A RECEBER E VALORES DE  CURTO PRAZO - INTRA-OFSS";N;2021-01-01;2021-04-30;2021-05-06;;;;testFechamentoDosLancamentosNasContasPatrimoniais
1.1.3.8.2.99.01.00.00.00.00.000;0101;1.043.318,47;0,00;"DUODECIMO A RECEBER DO EXECUTIVO - INTRA-OFSS";S;2021-01-01;2021-04-30;2021-05-06;;;;testFechamentoDosLancamentosNasContasPatrimoniais
1.1.9.0.0.00.00.00.00.00.00.000;0101;90,00;0,00;"VARIACOES PATRIMONIAIS DIMINUTIVAS PAGAS ANTECIPADAMENTE";N;2021-01-01;2021-04-30;2021-05-06;;;;testFechamentoDosLancamentosNasContasPatrimoniais
1.1.9.3.0.00.00.00.00.00.00.000;0101;90,00;0,00;"ASSINATURAS E ANUIDADES A APROPRIAR";N;2021-01-01;2021-04-30;2021-05-06;;;;testFechamentoDosLancamentosNasContasPatrimoniais
1.1.9.3.1.00.00.00.00.00.00.000;0101;90,00;0,00;"ASSINATURAS E ANUIDADES A APROPRIAR - CONSOLIDACAO";S;2021-01-01;2021-04-30;2021-05-06;;;;testFechamentoDosLancamentosNasContasPatrimoniais
1.1.9.8.0.00.00.00.00.00.00.000;0101;0,00;0,00;"DEMAIS VPD A APROPRIAR";N;2021-01-01;2021-04-30;2021-05-06;;;;testFechamentoDosLancamentosNasContasPatrimoniais
1.1.9.8.1.00.00.00.00.00.00.000;0101;0,00;0,00;"DEMAIS VPD A APROPRIAR - CONSOLIDACAO";N;2021-01-01;2021-04-30;2021-05-06;;;;testFechamentoDosLancamentosNasContasPatrimoniais
1.1.9.8.1.12.00.00.00.00.00.000;0101;0,00;0,00;"INSCRICOES PAGAS ANTECIPADAMENTE";S;2021-01-01;2021-04-30;2021-05-06;;;;testFechamentoDosLancamentosNasContasPatrimoniais
1.2.0.0.0.00.00.00.00.00.00.000;0101;65.944,71;0,00;"ATIVO NAO CIRCULANTE";N;2021-01-01;2021-04-30;2021-05-06;;;;testFechamentoDosLancamentosNasContasPatrimoniais
1.2.3.0.0.00.00.00.00.00.00.000;0101;65.944,71;0,00;IMOBILIZADO;N;2021-01-01;2021-04-30;2021-05-06;testImobilizadoTestadoManualmente;;;testFechamentoDosLancamentosNasContasPatrimoniais
1.2.3.1.0.00.00.00.00.00.00.000;0101;98.998,03;0,00;"BENS MOVEIS";N;2021-01-01;2021-04-30;2021-05-06;testImobilizadoTestadoManualmente;;;testFechamentoDosLancamentosNasContasPatrimoniais
1.2.3.1.1.00.00.00.00.00.00.000;0101;98.998,03;0,00;"BENS MOVEIS- CONSOLIDACAO";N;2021-01-01;2021-04-30;2021-05-06;testImobilizadoTestadoManualmente;;;testFechamentoDosLancamentosNasContasPatrimoniais
1.2.3.1.1.01.00.00.00.00.00.000;0101;27.243,00;0,00;"MAQUINAS, APARELHOS, EQUIPAMENTOS E FERRAMENTAS";N;2021-01-01;2021-04-30;2021-05-06;testImobilizadoTestadoManualmente;;;testFechamentoDosLancamentosNasContasPatrimoniais
1.2.3.1.1.01.02.00.00.00.00.000;0101;1.299,00;0,00;"APARELHOS E EQUIPAMENTOS DE COMUNICACAO";S;2021-01-01;2021-04-30;2021-05-06;testImobilizadoTestadoManualmente;;;testFechamentoDosLancamentosNasContasPatrimoniais
1.2.3.1.1.01.99.00.00.00.00.000;0101;25.944,00;0,00;"OUTRAS MAQUINAS, APARELHOS, EQUIPAMENTOS E FERRAMENTAS";S;2021-01-01;2021-04-30;2021-05-06;testImobilizadoTestadoManualmente;;;testFechamentoDosLancamentosNasContasPatrimoniais
1.2.3.1.1.02.00.00.00.00.00.000;0101;18.223,55;0,00;"BENS DE INFORMATICA";N;2021-01-01;2021-04-30;2021-05-06;testImobilizadoTestadoManualmente;;;testFechamentoDosLancamentosNasContasPatrimoniais
1.2.3.1.1.02.01.00.00.00.00.000;0101;2.350,00;0,00;"EQUIPAMENTOS DE PROCESSAMENTO DE DADOS";S;2021-01-01;2021-04-30;2021-05-06;testImobilizadoTestadoManualmente;;;testFechamentoDosLancamentosNasContasPatrimoniais
1.2.3.1.1.02.02.00.00.00.00.000;0101;15.873,55;0,00;"EQUIPAMENTOS DE TECNOLOGIA DA INFORMACAO";S;2021-01-01;2021-04-30;2021-05-06;testImobilizadoTestadoManualmente;;;testFechamentoDosLancamentosNasContasPatrimoniais
1.2.3.1.1.03.00.00.00.00.00.000;0101;22.162,90;0,00;"MOVEIS E UTENSILIOS";N;2021-01-01;2021-04-30;2021-05-06;testImobilizadoTestadoManualmente;;;testFechamentoDosLancamentosNasContasPatrimoniais
1.2.3.1.1.03.01.00.00.00.00.000;0101;2.087,00;0,00;"APARELHOS E UTENSILIOS DOMESTICOS";S;2021-01-01;2021-04-30;2021-05-06;testImobilizadoTestadoManualmente;;;testFechamentoDosLancamentosNasContasPatrimoniais
1.2.3.1.1.03.03.00.00.00.00.000;0101;20.075,90;0,00;"MOBILIARIO EM GERAL";S;2021-01-01;2021-04-30;2021-05-06;testImobilizadoTestadoManualmente;;;testFechamentoDosLancamentosNasContasPatrimoniais
1.2.3.1.1.04.00.00.00.00.00.000;0101;31.368,58;0,00;"MATERIAIS CULTURAIS, EDUCACIONAIS E DE COMUNICACAO";N;2021-01-01;2021-04-30;2021-05-06;testImobilizadoTestadoManualmente;;;testFechamentoDosLancamentosNasContasPatrimoniais
1.2.3.1.1.04.05.00.00.00.00.000;0101;12.671,38;0,00;"EQUIPAMENTOS PARA AUDIO, VIDEO E FOTO";S;2021-01-01;2021-04-30;2021-05-06;testImobilizadoTestadoManualmente;;;testFechamentoDosLancamentosNasContasPatrimoniais
1.2.3.1.1.04.99.00.00.00.00.000;0101;18.697,20;0,00;"OUTROS MATERIAIS CULTURAIS, EDUCACIONAIS E DE COMUNICACAO";S;2021-01-01;2021-04-30;2021-05-06;testImobilizadoTestadoManualmente;;;testFechamentoDosLancamentosNasContasPatrimoniais
1.2.3.1.1.99.00.00.00.00.00.000;0101;0,00;0,00;"DEMAIS BENS MOVEIS";N;2021-01-01;2021-04-30;2021-05-06;testImobilizadoTestadoManualmente;;;testFechamentoDosLancamentosNasContasPatrimoniais
1.2.3.1.1.99.08.00.00.00.00.000;0101;0,00;0,00;"BENS MOVEIS A CLASSIFICAR";S;2021-01-01;2021-04-30;2021-05-06;testImobilizadoTestadoManualmente;;;testFechamentoDosLancamentosNasContasPatrimoniais
1.2.3.8.0.00.00.00.00.00.00.000;0101;0,00;33.053,32;"(-) DEPRECIACAO, EXAUSTAO E AMORTIZACAO ACUMULADAS";N;2021-01-01;2021-04-30;2021-05-06;testImobilizadoTestadoManualmente;;;testFechamentoDosLancamentosNasContasPatrimoniais
1.2.3.8.1.00.00.00.00.00.00.000;0101;0,00;33.053,32;"(-) DEPRECIACAO, EXAUSTAO E AMORTIZACAO ACUMULADAS - CONSOLIDACAO";N;2021-01-01;2021-04-30;2021-05-06;testImobilizadoTestadoManualmente;;;testFechamentoDosLancamentosNasContasPatrimoniais
1.2.3.8.1.01.00.00.00.00.00.000;0101;0,00;33.053,32;"(-) DEPRECIACAO ACUMULADA – BENS MOVEIS";N;2021-01-01;2021-04-30;2021-05-06;testImobilizadoTestadoManualmente;;;testFechamentoDosLancamentosNasContasPatrimoniais
1.2.3.8.1.01.01.00.00.00.00.000;0101;0,00;6.674,28;"(-) DEPRECIACAO ACUMULADA DE MAQUINAS, APARELHOS, EQUIPAMENTOS E FERRAMENTAS";S;2021-01-01;2021-04-30;2021-05-06;testImobilizadoTestadoManualmente;;;testFechamentoDosLancamentosNasContasPatrimoniais
1.2.3.8.1.01.02.00.00.00.00.000;0101;0,00;13.397,33;"(-) DEPRECIACAO ACUMULADA DE BENS DE INFORMATICA";S;2021-01-01;2021-04-30;2021-05-06;testImobilizadoTestadoManualmente;;;testFechamentoDosLancamentosNasContasPatrimoniais
1.2.3.8.1.01.03.00.00.00.00.000;0101;0,00;6.499,46;"(-) DEPRECIACAO ACUMULADA DE MOVEIS E UTENSILIOS";S;2021-01-01;2021-04-30;2021-05-06;testImobilizadoTestadoManualmente;;;testFechamentoDosLancamentosNasContasPatrimoniais
1.2.3.8.1.01.04.00.00.00.00.000;0101;0,00;6.482,25;"(-) DEPRECIACAO ACUMULADA DE MATERIAIS CULTURAIS, EDUCACIONAIS E DE COMUNICACAO";S;2021-01-01;2021-04-30;2021-05-06;testImobilizadoTestadoManualmente;;;testFechamentoDosLancamentosNasContasPatrimoniais
2.0.0.0.0.00.00.00.00.00.00.000;0101;0,00;94.450,03;"PASSIVO E PATRIMONIO LIQUIDO";N;2021-01-01;2021-04-30;2021-05-06;;;;testFechamentoDosLancamentosNasContasPatrimoniais
2.1.0.0.0.00.00.00.00.00.00.000;0101;0,00;30.529,04;"PASSIVO CIRCULANTE";N;2021-01-01;2021-04-30;2021-05-06;;;;testFechamentoDosLancamentosNasContasPatrimoniais
2.1.1.0.0.00.00.00.00.00.00.000;0101;0,00;28.429,04;"OBRIGACOES TRABALHISTAS, PREVIDENCIARIAS E ASSISTENCIAIS A PAGAR A CURTO PRAZO";N;2021-01-01;2021-04-30;2021-05-06;;;;testFechamentoDosLancamentosNasContasPatrimoniais
2.1.1.1.0.00.00.00.00.00.00.000;0101;0,00;17.472,31;"PESSOAL A PAGAR";N;2021-01-01;2021-04-30;2021-05-06;;;;testFechamentoDosLancamentosNasContasPatrimoniais
2.1.1.1.1.00.00.00.00.00.00.000;0101;0,00;17.472,31;"PESSOAL A PAGAR - CONSOLIDACAO";N;2021-01-01;2021-04-30;2021-05-06;;;;testFechamentoDosLancamentosNasContasPatrimoniais
2.1.1.1.1.01.00.00.00.00.00.000;0101;0,00;17.472,31;"PESSOAL A PAGAR";N;2021-01-01;2021-04-30;2021-05-06;;;;testFechamentoDosLancamentosNasContasPatrimoniais
2.1.1.1.1.01.01.00.00.00.00.000;0101;0,00;0,00;"SALARIOS, REMUNERACOES E BENEFICIOS";N;2021-01-01;2021-04-30;2021-05-06;;;;testFechamentoDosLancamentosNasContasPatrimoniais
2.1.1.1.1.01.01.02.00.00.00.000;0101;0,00;0,00;"SALARIOS, REMUNERACOES E BENEFICIOS (F)";S;2021-01-01;2021-04-30;2021-05-06;;testSaldoFinalDeSalariosAPagarIgualAoSaldoLiquidadoAPagar;;testFechamentoDosLancamentosNasContasPatrimoniais
2.1.1.1.1.01.02.00.00.00.00.000;0101;0,00;17.472,31;"DECIMO TERCEIRO SALARIO";N;2021-01-01;2021-04-30;2021-05-06;;;;testFechamentoDosLancamentosNasContasPatrimoniais
2.1.1.1.1.01.02.01.00.00.00.000;0101;0,00;17.472,31;"DECIMO TERCEIRO SALARIO (P)";S;2021-01-01;2021-04-30;2021-05-06;;;;testFechamentoDosLancamentosNasContasPatrimoniais
2.1.1.1.1.01.03.00.00.00.00.000;0101;0,00;0,00;FERIAS;N;2021-01-01;2021-04-30;2021-05-06;;;;testFechamentoDosLancamentosNasContasPatrimoniais
2.1.1.1.1.01.03.01.00.00.00.000;0101;0,00;0,00;"FERIAS (P)";S;2021-01-01;2021-04-30;2021-05-06;;;;testFechamentoDosLancamentosNasContasPatrimoniais
2.1.1.4.0.00.00.00.00.00.00.000;0101;0,00;10.956,73;"ENCARGOS SOCIAIS A PAGAR";N;2021-01-01;2021-04-30;2021-05-06;;;;testFechamentoDosLancamentosNasContasPatrimoniais
2.1.1.4.2.00.00.00.00.00.00.000;0101;0,00;896,86;"ENCARGOS SOCIAIS A PAGAR-INTRA OFSS";N;2021-01-01;2021-04-30;2021-05-06;;;;testFechamentoDosLancamentosNasContasPatrimoniais
2.1.1.4.2.01.00.00.00.00.00.000;0101;0,00;896,86;"CONTRIBUICAO A REGIME PROPRIO DE PREVIDENCIA (RPPS)";N;2021-01-01;2021-04-30;2021-05-06;;;;testFechamentoDosLancamentosNasContasPatrimoniais
2.1.1.4.2.01.02.00.00.00.00.000;0101;0,00;896,86;"CONTRIBUICAO A REGIME PROPRIO DE PREVIDENCIA (RPPS) (F)";S;2021-01-01;2021-04-30;2021-05-06;;testSaldoFinalDeContribuicaoAoRppsIgualAoSaldoLiquidadoAPagar;;testFechamentoDosLancamentosNasContasPatrimoniais
2.1.1.4.3.00.00.00.00.00.00.000;0101;0,00;10.059,87;"ENCARGOS SOCIAIS A PAGAR-INTER OFSS - UNIAO";N;2021-01-01;2021-04-30;2021-05-06;;;;testFechamentoDosLancamentosNasContasPatrimoniais
2.1.1.4.3.01.00.00.00.00.00.000;0101;0,00;10.059,87;"CONTRIBUICOES AO RGPS A PAGAR";N;2021-01-01;2021-04-30;2021-05-06;;;;testFechamentoDosLancamentosNasContasPatrimoniais
2.1.1.4.3.01.01.00.00.00.00.000;0101;0,00;10.059,87;"CONTRIBUICOES AO RGPS SOBRE SALARIOS E REMUNERACOES";N;2021-01-01;2021-04-30;2021-05-06;;;;testFechamentoDosLancamentosNasContasPatrimoniais
2.1.1.4.3.01.01.02.00.00.00.000;0101;0,00;10.059,87;"CONTRIBUICOES AO RGPS SOBRE SALARIOS E REMUNERACOES (F)";S;2021-01-01;2021-04-30;2021-05-06;;testSaldoFinalDeContribuicaoAoRgpsIgualAoSaldoLiquidadoAPagar;;testFechamentoDosLancamentosNasContasPatrimoniais
2.1.3.0.0.00.00.00.00.00.00.000;0101;0,00;2.100,00;"FORNECEDORES E CONTAS A PAGAR A CURTO PRAZO";N;2021-01-01;2021-04-30;2021-05-06;;;;testFechamentoDosLancamentosNasContasPatrimoniais
2.1.3.1.0.00.00.00.00.00.00.000;0101;0,00;2.100,00;"FORNECEDORES E CONTAS A PAGAR NACIONAIS A CURTO PRAZO";N;2021-01-01;2021-04-30;2021-05-06;;;;testFechamentoDosLancamentosNasContasPatrimoniais
2.1.3.1.1.00.00.00.00.00.00.000;0101;0,00;2.100,00;"FORNECEDORES E CONTAS A PAGAR NACIONAIS A CURTO PRAZO - CONSOLIDACAO";N;2021-01-01;2021-04-30;2021-05-06;;;;testFechamentoDosLancamentosNasContasPatrimoniais
2.1.3.1.1.01.00.00.00.00.00.000;0101;0,00;2.100,00;"FORNECEDORES NACIONAIS";N;2021-01-01;2021-04-30;2021-05-06;;;;testFechamentoDosLancamentosNasContasPatrimoniais
2.1.3.1.1.01.01.00.00.00.00.000;0101;0,00;2.100,00;"FORNECEDORES NAO PARCELADOS A PAGAR";N;2021-01-01;2021-04-30;2021-05-06;;;;testFechamentoDosLancamentosNasContasPatrimoniais
2.1.3.1.1.01.01.01.00.00.00.000;0101;0,00;2.100,00;"FORNECEDORES DO EXERCICIO";S;2021-01-01;2021-04-30;2021-05-06;;;;testFechamentoDosLancamentosNasContasPatrimoniais
2.1.8.0.0.00.00.00.00.00.00.000;0101;0,00;0,00;"DEMAIS OBRIGACOES A CURTO PRAZO";N;2021-01-01;2021-04-30;2021-05-06;;;;testFechamentoDosLancamentosNasContasPatrimoniais
2.1.8.8.0.00.00.00.00.00.00.000;0101;0,00;0,00;"VALORES RESTITUIVEIS";N;2021-01-01;2021-04-30;2021-05-06;;;;testFechamentoDosLancamentosNasContasPatrimoniais
2.1.8.8.1.00.00.00.00.00.00.000;0101;0,00;0,00;"VALORES RESTITUIVEIS - CONSOLIDACAO";N;2021-01-01;2021-04-30;2021-05-06;;;;testFechamentoDosLancamentosNasContasPatrimoniais
2.1.8.8.1.04.00.00.00.00.00.000;0101;0,00;0,00;"DEPOSITOS NAO JUDICIAIS";N;2021-01-01;2021-04-30;2021-05-06;;;;testFechamentoDosLancamentosNasContasPatrimoniais
2.1.8.8.1.04.99.00.00.00.00.000;0101;0,00;0,00;"OUTROS DEPOSITOS";S;2021-01-01;2021-04-30;2021-05-06;;;;testFechamentoDosLancamentosNasContasPatrimoniais
2.1.8.8.2.00.00.00.00.00.00.000;0101;0,00;0,00;"VALORES RESTITUIVEIS – INTRA OFSS";N;2021-01-01;2021-04-30;2021-05-06;;;;testFechamentoDosLancamentosNasContasPatrimoniais
2.1.8.8.2.99.01.00.00.00.00.000;0101;0,00;0,00;"OUTROS VALORES RESTITUIVEIS";N;2021-01-01;2021-04-30;2021-05-06;;;;testFechamentoDosLancamentosNasContasPatrimoniais
2.1.8.8.2.99.01.01.00.00.00.000;0101;0,00;0,00;"DESCONTOS A RECOLHER AO TESOURO MUNICIPAL";S;2021-01-01;2021-04-30;2021-05-06;;;;testFechamentoDosLancamentosNasContasPatrimoniais
2.1.8.8.3.00.00.00.00.00.00.000;0101;0,00;0,00;"VALORES RESTITUIVEIS - INTER UNIAO";N;2021-01-01;2021-04-30;2021-05-06;;;;testFechamentoDosLancamentosNasContasPatrimoniais
2.1.8.8.3.01.00.00.00.00.00.000;0101;0,00;0,00;CONSIGNACOES;N;2021-01-01;2021-04-30;2021-05-06;;;;testFechamentoDosLancamentosNasContasPatrimoniais
2.1.8.8.3.01.04.00.00.00.00.000;0101;0,00;0,00;"IMPOSTO SOBRE A RENDA RETIDO NA FONTE - IRRF";N;2021-01-01;2021-04-30;2021-05-06;;;;testFechamentoDosLancamentosNasContasPatrimoniais
2.1.8.8.3.01.04.02.00.00.00.000;0101;0,00;0,00;"IRRF SERVICOS PJ 1708-06 LEGISLATIVO";S;2021-01-01;2021-04-30;2021-05-06;;;;testFechamentoDosLancamentosNasContasPatrimoniais
2.3.0.0.0.00.00.00.00.00.00.000;0101;0,00;63.920,99;"PATRIMONIO LIQUIDO";N;2021-01-01;2021-04-30;2021-05-06;;;;testFechamentoDosLancamentosNasContasPatrimoniais
2.3.7.0.0.00.00.00.00.00.00.000;0101;0,00;63.920,99;"RESULTADOS ACUMULADOS";N;2021-01-01;2021-04-30;2021-05-06;;;;testFechamentoDosLancamentosNasContasPatrimoniais
2.3.7.1.0.00.00.00.00.00.00.000;0101;0,00;63.920,99;"SUPERAVITS OU DEFICITS ACUMULADOS";N;2021-01-01;2021-04-30;2021-05-06;;;;testFechamentoDosLancamentosNasContasPatrimoniais
2.3.7.1.1.00.00.00.00.00.00.000;0101;0,00;451.265,40;"SUPERAVITS OU DEFICITS ACUMULADOS - CONSOLIDACAO";N;2021-01-01;2021-04-30;2021-05-06;;;;testFechamentoDosLancamentosNasContasPatrimoniais
2.3.7.1.1.01.00.00.00.00.00.000;0101;0,00;0,00;"SUPERAVITS OU DEFICITS DO EXERCICIO";S;2021-01-01;2021-04-30;2021-05-06;;;;testFechamentoDosLancamentosNasContasPatrimoniais
2.3.7.1.1.02.00.00.00.00.00.000;0101;0,00;451.265,40;"SUPERAVITS OU DEFICITS DE EXERCICIOS ANTERIORES";S;2021-01-01;2021-04-30;2021-05-06;;;;testFechamentoDosLancamentosNasContasPatrimoniais
2.3.7.1.2.00.00.00.00.00.00.000;0101;0,00;0,00;"SUPERAVITS OU DEFICITS ACUMULADOS - INTRA OFSS";N;2021-01-01;2021-04-30;2021-05-06;;;;testFechamentoDosLancamentosNasContasPatrimoniais
2.3.7.1.2.01.00.00.00.00.00.000;0101;0,00;0,00;"SUPERAVITS OU DEFICITS DO EXERCICIO";S;2021-01-01;2021-04-30;2021-05-06;;;;testFechamentoDosLancamentosNasContasPatrimoniais
2.3.7.1.2.02.00.00.00.00.00.000;0101;0,00;0,00;"SUPERAVITS OU DEFICITS DE EXERCICIOS ANTERIORES";S;2021-01-01;2021-04-30;2021-05-06;;;;testFechamentoDosLancamentosNasContasPatrimoniais
2.3.7.1.3.00.00.00.00.00.00.000;0101;387.344,41;0,00;"SUPERAVITS OU DEFICITS ACUMULADOS - INTER OFSS - UNIAO";N;2021-01-01;2021-04-30;2021-05-06;;;;testFechamentoDosLancamentosNasContasPatrimoniais
2.3.7.1.3.01.00.00.00.00.00.000;0101;0,00;0,00;"SUPERAVITS OU DEFICITS DO EXERCICIO";S;2021-01-01;2021-04-30;2021-05-06;;;;testFechamentoDosLancamentosNasContasPatrimoniais
2.3.7.1.3.02.00.00.00.00.00.000;0101;387.344,41;0,00;"SUPERAVITS OU DEFICITS DE EXERCICIOS ANTERIORES";S;2021-01-01;2021-04-30;2021-05-06;;;;testFechamentoDosLancamentosNasContasPatrimoniais
3.0.0.0.0.00.00.00.00.00.00.000;0101;816.420,29;0,00;"VARIACAO PATRIMONIAL DIMINUTIVA";N;2021-01-01;2021-04-30;2021-05-06;;;;testFechamentoDosLancamentosNasContasPatrimoniais
3.1.0.0.0.00.00.00.00.00.00.000;0101;270.903,00;0,00;"PESSOAL E ENCARGOS";N;2021-01-01;2021-04-30;2021-05-06;;;;testFechamentoDosLancamentosNasContasPatrimoniais
3.1.1.0.0.00.00.00.00.00.00.000;0101;227.876,06;0,00;"REMUNERACAO A PESSOAL";N;2021-01-01;2021-04-30;2021-05-06;;;;testFechamentoDosLancamentosNasContasPatrimoniais
3.1.1.1.0.00.00.00.00.00.00.000;0101;25.025,43;0,00;"REMUNERACAO A PESSOAL ATIVO CIVIL – ABRANGIDOS PELO RPPS";N;2021-01-01;2021-04-30;2021-05-06;;;;testFechamentoDosLancamentosNasContasPatrimoniais
3.1.1.1.1.00.00.00.00.00.00.000;0101;25.025,43;0,00;"REMUNERACAO A PESSOAL ATIVO CIVIL – ABRANGIDOS PELO RPPS - CONSOLIDACAO";N;2021-01-01;2021-04-30;2021-05-06;;;;testFechamentoDosLancamentosNasContasPatrimoniais
3.1.1.1.1.01.00.00.00.00.00.000;0101;25.025,43;0,00;"VENCIMENTOS E VANTAGENS FIXAS - PESSOAL CIVIL - RPPS";N;2021-01-01;2021-04-30;2021-05-06;;;;testFechamentoDosLancamentosNasContasPatrimoniais
3.1.1.1.1.01.01.00.00.00.00.000;0101;19.868,64;0,00;"VENCIMENTOS E SALARIOS";S;2021-01-01;2021-04-30;2021-05-06;;;;testFechamentoDosLancamentosNasContasPatrimoniais
3.1.1.1.1.01.18.00.00.00.00.000;0101;2.552,92;0,00;"GRATIFICACAO DE TEMPO DE SERVICO";S;2021-01-01;2021-04-30;2021-05-06;;;;testFechamentoDosLancamentosNasContasPatrimoniais
3.1.1.1.1.01.22.00.00.00.00.000;0101;1.868,48;0,00;"13o SALARIO";S;2021-01-01;2021-04-30;2021-05-06;;;;testFechamentoDosLancamentosNasContasPatrimoniais
3.1.1.1.1.01.24.00.00.00.00.000;0101;735,39;0,00;"FERIAS – ABONO CONSTITUCIONAL";S;2021-01-01;2021-04-30;2021-05-06;;;;testFechamentoDosLancamentosNasContasPatrimoniais
3.1.1.2.0.00.00.00.00.00.00.000;0101;202.850,63;0,00;"REMUNERACAO A PESSOAL ATIVO CIVIL – ABRANGIDOS PELO RGPS";N;2021-01-01;2021-04-30;2021-05-06;;;;testFechamentoDosLancamentosNasContasPatrimoniais
3.1.1.2.1.00.00.00.00.00.00.000;0101;202.850,63;0,00;"REMUNERACAO A PESSOAL ATIVO CIVIL – ABRANGIDOS PELO RGPS - CONSOLIDACAO";N;2021-01-01;2021-04-30;2021-05-06;;;;testFechamentoDosLancamentosNasContasPatrimoniais
3.1.1.2.1.01.00.00.00.00.00.000;0101;202.850,63;0,00;"VENCIMENTOS E VANTAGENS FIXAS - PESSOAL CIVIL - RGPS";N;2021-01-01;2021-04-30;2021-05-06;;;;testFechamentoDosLancamentosNasContasPatrimoniais
3.1.1.2.1.01.01.00.00.00.00.000;0101;42.036,53;0,00;"VENCIMENTOS E SALARIOS";S;2021-01-01;2021-04-30;2021-05-06;;;;testFechamentoDosLancamentosNasContasPatrimoniais
3.1.1.2.1.01.22.00.00.00.00.000;0101;15.603,83;0,00;"13o SALARIO";S;2021-01-01;2021-04-30;2021-05-06;;;;testFechamentoDosLancamentosNasContasPatrimoniais
3.1.1.2.1.01.28.00.00.00.00.000;0101;4.778,40;0,00;"REPRESENTACAO MENSAL";S;2021-01-01;2021-04-30;2021-05-06;;;;testFechamentoDosLancamentosNasContasPatrimoniais
3.1.1.2.1.01.31.00.00.00.00.000;0101;140.431,87;0,00;SUBSIDIOS;S;2021-01-01;2021-04-30;2021-05-06;;;;testFechamentoDosLancamentosNasContasPatrimoniais
3.1.2.0.0.00.00.00.00.00.00.000;0101;43.026,94;0,00;"ENCARGOS PATRONAIS";N;2021-01-01;2021-04-30;2021-05-06;;;;testFechamentoDosLancamentosNasContasPatrimoniais
3.1.2.1.0.00.00.00.00.00.00.000;0101;3.705,10;0,00;"ENCARGOS PATRONAIS - RPPS";N;2021-01-01;2021-04-30;2021-05-06;;;;testFechamentoDosLancamentosNasContasPatrimoniais
3.1.2.1.2.00.00.00.00.00.00.000;0101;3.705,10;0,00;"ENCARGOS PATRONAIS - RPPS - INTRA OFSS";N;2021-01-01;2021-04-30;2021-05-06;;;;testFechamentoDosLancamentosNasContasPatrimoniais
3.1.2.1.2.01.00.00.00.00.00.000;0101;3.705,10;0,00;"CONTRIBUICAO PATRONAL PARA O RPPS";S;2021-01-01;2021-04-30;2021-05-06;;;;testFechamentoDosLancamentosNasContasPatrimoniais
3.1.2.2.0.00.00.00.00.00.00.000;0101;39.321,84;0,00;"ENCARGOS PATRONAIS - RGPS";N;2021-01-01;2021-04-30;2021-05-06;;;;testFechamentoDosLancamentosNasContasPatrimoniais
3.1.2.2.3.00.00.00.00.00.00.000;0101;39.321,84;0,00;"ENCARGOS PATRONAIS - RGPS - INTER OFSS - UNIAO";N;2021-01-01;2021-04-30;2021-05-06;;;;testFechamentoDosLancamentosNasContasPatrimoniais
3.1.2.2.3.01.00.00.00.00.00.000;0101;39.321,84;0,00;"CONTRIBUICOES PREVIDENCIARIAS - RGPS";S;2021-01-01;2021-04-30;2021-05-06;;;;testFechamentoDosLancamentosNasContasPatrimoniais
3.3.0.0.0.00.00.00.00.00.00.000;0101;24.835,76;0,00;"USO DE BENS, SERVICOS E CONSUMO DE CAPITAL FIXO";N;2021-01-01;2021-04-30;2021-05-06;;;;testFechamentoDosLancamentosNasContasPatrimoniais
3.3.1.0.0.00.00.00.00.00.00.000;0101;12.498,89;0,00;"USO DE MATERIAL DE CONSUMO";N;2021-01-01;2021-04-30;2021-05-06;;;;testFechamentoDosLancamentosNasContasPatrimoniais
3.3.1.1.0.00.00.00.00.00.00.000;0101;12.498,89;0,00;"CONSUMO DE MATERIAL";N;2021-01-01;2021-04-30;2021-05-06;;;;testFechamentoDosLancamentosNasContasPatrimoniais
3.3.1.1.1.00.00.00.00.00.00.000;0101;12.498,89;0,00;"CONSUMO DE MATERIAL - CONSOLIDACAO";N;2021-01-01;2021-04-30;2021-05-06;;;;testFechamentoDosLancamentosNasContasPatrimoniais
3.3.1.1.1.06.00.00.00.00.00.000;0101;7.308,00;0,00;"GENEROS ALIMENTACAO";S;2021-01-01;2021-04-30;2021-05-06;;;;testFechamentoDosLancamentosNasContasPatrimoniais
3.3.1.1.1.16.00.00.00.00.00.000;0101;842,90;0,00;"MATERIAL DE EXPEDIENTE";S;2021-01-01;2021-04-30;2021-05-06;;;;testFechamentoDosLancamentosNasContasPatrimoniais
3.3.1.1.1.21.00.00.00.00.00.000;0101;488,67;0,00;"MATERIAL DE COPA E COZINHA";S;2021-01-01;2021-04-30;2021-05-06;;;;testFechamentoDosLancamentosNasContasPatrimoniais
3.3.1.1.1.22.00.00.00.00.00.000;0101;1.398,92;0,00;"MATERIAL DE LIMPEZA E PRODUTOS DE HIGIENIZACAO";S;2021-01-01;2021-04-30;2021-05-06;;;;testFechamentoDosLancamentosNasContasPatrimoniais
3.3.1.1.1.24.00.00.00.00.00.000;0101;2.100,40;0,00;"MATERIAL PARA MANUTENCAO DE BENS IMOVEIS E INSTALACOES";S;2021-01-01;2021-04-30;2021-05-06;;;;testFechamentoDosLancamentosNasContasPatrimoniais
3.3.1.1.1.29.00.00.00.00.00.000;0101;360,00;0,00;"MATERIAL PARA AUDIO, VIDEO E FOTO";S;2021-01-01;2021-04-30;2021-05-06;;;;testFechamentoDosLancamentosNasContasPatrimoniais
3.3.2.0.0.00.00.00.00.00.00.000;0101;10.135,83;0,00;SERVICOS;N;2021-01-01;2021-04-30;2021-05-06;;;;testFechamentoDosLancamentosNasContasPatrimoniais
3.3.2.2.0.00.00.00.00.00.00.000;0101;2.283,90;0,00;"SERVICOS TERCEIROS - PF";N;2021-01-01;2021-04-30;2021-05-06;;;;testFechamentoDosLancamentosNasContasPatrimoniais
3.3.2.2.1.00.00.00.00.00.00.000;0101;2.283,90;0,00;"SERVICOS TERCEIROS - PF - CONSOLIDACAO";N;2021-01-01;2021-04-30;2021-05-06;;;;testFechamentoDosLancamentosNasContasPatrimoniais
3.3.2.2.1.01.00.00.00.00.00.000;0101;2.283,90;0,00;"CONSULTORIA E ASSESSORIA";S;2021-01-01;2021-04-30;2021-05-06;;;;testFechamentoDosLancamentosNasContasPatrimoniais
3.3.2.3.0.00.00.00.00.00.00.000;0101;7.851,93;0,00;"SERVICOS TERCEIROS - PJ";N;2021-01-01;2021-04-30;2021-05-06;;;;testFechamentoDosLancamentosNasContasPatrimoniais
3.3.2.3.1.00.00.00.00.00.00.000;0101;7.851,93;0,00;"SERVICOS TERCEIROS - PJ - CONSOLIDACAO";N;2021-01-01;2021-04-30;2021-05-06;;;;testFechamentoDosLancamentosNasContasPatrimoniais
3.3.2.3.1.04.00.00.00.00.00.000;0101;812,23;0,00;COMUNICACAO;S;2021-01-01;2021-04-30;2021-05-06;;;;testFechamentoDosLancamentosNasContasPatrimoniais
3.3.2.3.1.05.00.00.00.00.00.000;0101;54,00;0,00;PUBLICIDADE;S;2021-01-01;2021-04-30;2021-05-06;;;;testFechamentoDosLancamentosNasContasPatrimoniais
3.3.2.3.1.06.00.00.00.00.00.000;0101;750,00;0,00;"MANUTENCAO E CONSERVACAO";S;2021-01-01;2021-04-30;2021-05-06;;;;testFechamentoDosLancamentosNasContasPatrimoniais
3.3.2.3.1.10.00.00.00.00.00.000;0101;1.200,00;0,00;LOCACOES;S;2021-01-01;2021-04-30;2021-05-06;;;;testFechamentoDosLancamentosNasContasPatrimoniais
3.3.2.3.1.11.00.00.00.00.00.000;0101;2.014,08;0,00;"SERVICOS RELACIONADOS A TECNOLOGIA DA INFORMACAO";S;2021-01-01;2021-04-30;2021-05-06;;;;testFechamentoDosLancamentosNasContasPatrimoniais
3.3.2.3.1.14.00.00.00.00.00.000;0101;39,62;0,00;"ASSINATURAS DE PERIODICOS E ANUIDADES";S;2021-01-01;2021-04-30;2021-05-06;;;;testFechamentoDosLancamentosNasContasPatrimoniais
3.3.2.3.1.30.00.00.00.00.00.000;0101;2.250,00;0,00;"SELECAO E TREINAMENTO";S;2021-01-01;2021-04-30;2021-05-06;;;;testFechamentoDosLancamentosNasContasPatrimoniais
3.3.2.3.1.36.00.00.00.00.00.000;0101;500,00;0,00;"SERVICOS DE AUDIO VIDEO E FOTO";S;2021-01-01;2021-04-30;2021-05-06;;;;testFechamentoDosLancamentosNasContasPatrimoniais
3.3.2.3.1.46.00.00.00.00.00.000;0101;232,00;0,00;"SERVICOS GRAFICOS E EDITORIAIS";S;2021-01-01;2021-04-30;2021-05-06;;;;testFechamentoDosLancamentosNasContasPatrimoniais
3.3.3.0.0.00.00.00.00.00.00.000;0101;2.201,04;0,00;"DEPRECIACAO, AMORTIZACAO E EXAUSTAO";N;2021-01-01;2021-04-30;2021-05-06;;;;testFechamentoDosLancamentosNasContasPatrimoniais
3.3.3.1.0.00.00.00.00.00.00.000;0101;2.201,04;0,00;DEPRECIACAO;N;2021-01-01;2021-04-30;2021-05-06;;;;testFechamentoDosLancamentosNasContasPatrimoniais
3.3.3.1.1.00.00.00.00.00.00.000;0101;2.201,04;0,00;"DEPRECIACAO - CONSOLIDACAO";N;2021-01-01;2021-04-30;2021-05-06;;;;testFechamentoDosLancamentosNasContasPatrimoniais
3.3.3.1.1.01.00.00.00.00.00.000;0101;2.201,04;0,00;"DEPRECIACAO DE IMOBILIZADO";N;2021-01-01;2021-04-30;2021-05-06;;;;testFechamentoDosLancamentosNasContasPatrimoniais
3.3.3.1.1.01.01.00.00.00.00.000;0101;2.201,04;0,00;"DEPRECIACAO DE BENS MOVEIS";S;2021-01-01;2021-04-30;2021-05-06;;;;testFechamentoDosLancamentosNasContasPatrimoniais
3.6.0.0.0.00.00.00.00.00.00.000;0101;520.681,53;0,00;"DESVALORIZACAO E PERDA DE ATIVOS E INCORPORACAO DE PASSIVOS";N;2021-01-01;2021-04-30;2021-05-06;;;;testFechamentoDosLancamentosNasContasPatrimoniais
3.6.5.0.0.00.00.00.00.00.00.000;0101;520.681,53;0,00;"DESINCORPORACAO DE ATIVOS";N;2021-01-01;2021-04-30;2021-05-06;;;;testFechamentoDosLancamentosNasContasPatrimoniais
3.6.5.1.0.00.00.00.00.00.00.000;0101;520.681,53;0,00;"DESINCORPORACAO DE ATIVOS";N;2021-01-01;2021-04-30;2021-05-06;;;;testFechamentoDosLancamentosNasContasPatrimoniais
3.6.5.1.2.00.00.00.00.00.00.000;0101;520.681,53;0,00;"DESINCORPORACAO DE ATIVOS - INTRA OFSS";N;2021-01-01;2021-04-30;2021-05-06;;;;testFechamentoDosLancamentosNasContasPatrimoniais
3.6.5.1.2.03.00.00.00.00.00.000;0101;520.681,53;0,00;"DESINCORPORACAO DE CREDITOS A RECEBER - INTRA-OFSS";S;2021-01-01;2021-04-30;2021-05-06;;;;testFechamentoDosLancamentosNasContasPatrimoniais
3.9.0.0.0.00.00.00.00.00.00.000;0101;0,00;0,00;"OUTRAS VARIACOES PATRIMONIAIS DIMINUTIVAS";N;2021-01-01;2021-04-30;2021-05-06;;;;testFechamentoDosLancamentosNasContasPatrimoniais
3.9.9.0.0.00.00.00.00.00.00.000;0101;0,00;0,00;"DIVERSAS VARIACOES PATRIMONIAIS DIMINUTIVAS";N;2021-01-01;2021-04-30;2021-05-06;;;;testFechamentoDosLancamentosNasContasPatrimoniais
3.9.9.6.0.00.00.00.00.00.00.000;0101;0,00;0,00;"INDENIZACOES, RESTITUICOES E RESSARCIMENTOS";N;2021-01-01;2021-04-30;2021-05-06;;;;testFechamentoDosLancamentosNasContasPatrimoniais
3.9.9.6.1.00.00.00.00.00.00.000;0101;0,00;0,00;"INDENIZACOES, RESTITUICOES E RESSARCIMENTOS - CONSOLIDACAO";S;2021-01-01;2021-04-30;2021-05-06;;;;testFechamentoDosLancamentosNasContasPatrimoniais
4.0.0.0.0.00.00.00.00.00.00.000;0101;0,00;2.084.681,53;"VARIACAO PATRIMONIAL AUMENTATIVA";N;2021-01-01;2021-04-30;2021-05-06;;;;testFechamentoDosLancamentosNasContasPatrimoniais
4.5.0.0.0.00.00.00.00.00.00.000;0101;0,00;520.681,53;"TRANSFERENCIAS E DELEGACOES RECEBIDAS";N;2021-01-01;2021-04-30;2021-05-06;;;;testFechamentoDosLancamentosNasContasPatrimoniais
4.5.1.0.0.00.00.00.00.00.00.000;0101;0,00;520.681,53;"TRANSFERENCIAS INTRAGOVERNAMENTAIS";N;2021-01-01;2021-04-30;2021-05-06;;;;testFechamentoDosLancamentosNasContasPatrimoniais
4.5.1.1.0.00.00.00.00.00.00.000;0101;0,00;520.681,53;"TRANSFERENCIAS RECEBIDAS PARA A EXECUCAO ORCAMENTARIA";N;2021-01-01;2021-04-30;2021-05-06;;;;testFechamentoDosLancamentosNasContasPatrimoniais
4.5.1.1.2.00.00.00.00.00.00.000;0101;0,00;520.681,53;"TRANSFERENCIAS RECEBIDAS PARA A EXECUCAO ORCAMENTARIA - INTRA OFSS";N;2021-01-01;2021-04-30;2021-05-06;;;;testFechamentoDosLancamentosNasContasPatrimoniais
4.5.1.1.2.02.00.00.00.00.00.000;0101;0,00;520.681,53;"REPASSE RECEBIDO";S;2021-01-01;2021-04-30;2021-05-06;;;;testFechamentoDosLancamentosNasContasPatrimoniais
4.9.0.0.0.00.00.00.00.00.00.000;0101;0,00;1.564.000,00;"OUTRAS VARIACOES PATRIMONIAIS AUMENTATIVAS";N;2021-01-01;2021-04-30;2021-05-06;;;;testFechamentoDosLancamentosNasContasPatrimoniais
4.9.9.0.0.00.00.00.00.00.00.000;0101;0,00;1.564.000,00;"DIVERSAS VARIACOES PATRIMONIAIS AUMENTATIVAS";N;2021-01-01;2021-04-30;2021-05-06;;;;testFechamentoDosLancamentosNasContasPatrimoniais
4.9.9.9.0.00.00.00.00.00.00.000;0101;0,00;1.564.000,00;"VARIACOES PATRIMONIAIS AUMENTATIVAS DECORRENTES DE FATOS GERADORES DIVERSOS";N;2021-01-01;2021-04-30;2021-05-06;;;;testFechamentoDosLancamentosNasContasPatrimoniais
4.9.9.9.2.00.00.00.00.00.00.000;0101;0,00;1.564.000,00;"VARIACOES PATRIMONIAIS AUMENTATIVAS DECORRENTES DE FATOS GERADORES DIVERSOS - INTRA-OFSS";N;2021-01-01;2021-04-30;2021-05-06;;;;testFechamentoDosLancamentosNasContasPatrimoniais
4.9.9.9.2.01.00.00.00.00.00.000;0101;0,00;1.564.000,00;"DUODECIMO LEGISLATIVO - INTRA-OFSS";S;2021-01-01;2021-04-30;2021-05-06;;;;testFechamentoDosLancamentosNasContasPatrimoniais
5.0.0.0.0.00.00.00.00.00.00.000;0101;1.854.307,28;0,00;"CONTROLES DA APROVACAO DO PLANEJAMENTO E ORCAMENTO";N;2021-01-01;2021-04-30;2021-05-06;;;;testFechamentoDosLancamentosNasContasOrcamentarias
5.2.0.0.0.00.00.00.00.00.00.000;0101;1.854.307,28;0,00;"ORCAMENTO APROVADO";N;2021-01-01;2021-04-30;2021-05-06;;;;testFechamentoDosLancamentosNasContasOrcamentarias
5.2.2.0.0.00.00.00.00.00.00.000;0101;1.854.307,28;0,00;"FIXACAO DA DESPESA";N;2021-01-01;2021-04-30;2021-05-06;;;;testFechamentoDosLancamentosNasContasOrcamentarias
5.2.2.1.0.00.00.00.00.00.00.000;0101;1.552.000,00;0,00;"DOTACAO ORCAMENTARIA";N;2021-01-01;2021-04-30;2021-05-06;;;testFechamentoDosNiveisDasContasOrcamentariasDeDotacaoOrcamentaria;testFechamentoDosLancamentosNasContasOrcamentarias
5.2.2.1.1.00.00.00.00.00.00.000;0101;1.564.000,00;0,00;"DOTACAO INICIAL";N;2021-01-01;2021-04-30;2021-05-06;;;testFechamentoDosNiveisDasContasOrcamentariasDeDotacaoOrcamentaria;testFechamentoDosLancamentosNasContasOrcamentarias
5.2.2.1.1.01.00.00.00.00.00.000;0101;1.564.000,00;0,00;"CREDITO INICIAL";S;2021-01-01;2021-04-30;2021-05-06;;testCreditoInicialContabilizado;testFechamentoDosNiveisDasContasOrcamentariasDeDotacaoOrcamentaria;testFechamentoDosLancamentosNasContasOrcamentarias
5.2.2.1.9.00.00.00.00.00.00.000;0101;0,00;12.000,00;"CANCELAMENTO/REMANEJAMENTO DE DOTACAO";N;2021-01-01;2021-04-30;2021-05-06;;;testFechamentoDosNiveisDasContasOrcamentariasDeDotacaoOrcamentaria;testFechamentoDosLancamentosNasContasOrcamentarias
5.2.2.1.9.04.00.00.00.00.00.000;0101;0,00;12.000,00;"(-) CANCELAMENTO DE DOTACOES";S;2021-01-01;2021-04-30;2021-05-06;;"testAnulacaoDeDotacaoContabilizada, testCancelamentoDeDotacaoContabilizada";testFechamentoDosNiveisDasContasOrcamentariasDeDotacaoOrcamentaria;testFechamentoDosLancamentosNasContasOrcamentarias
5.2.2.9.0.00.00.00.00.00.00.000;0101;302.307,28;0,00;"OUTROS CONTROLES DA DESPESA ORCAMENTARIA";N;2021-01-01;2021-04-30;2021-05-06;;;testFechamentoDosNiveisDasContasOrcamentariasDeOutrosControlesDaDespesa;testFechamentoDosLancamentosNasContasOrcamentarias
5.2.2.9.2.00.00.00.00.00.00.000;0101;302.307,28;0,00;"EMPENHOS POR EMISSAO";N;2021-01-01;2021-04-30;2021-05-06;;;testFechamentoDosNiveisDasContasOrcamentariasDeOutrosControlesDaDespesa;testFechamentoDosLancamentosNasContasOrcamentarias
5.2.2.9.2.01.00.00.00.00.00.000;0101;302.307,28;0,00;"EXECUCAO DA DESPESA POR NOTA DE EMPENHO";N;2021-01-01;2021-04-30;2021-05-06;;testEmissaoDeNotasDeEmpenhosContabilizada;testFechamentoDosNiveisDasContasOrcamentariasDeOutrosControlesDaDespesa;testFechamentoDosLancamentosNasContasOrcamentarias
5.2.2.9.2.01.01.00.00.00.00.000;0101;305.254,71;0,00;"EMISSAO DE EMPENHOS";S;2021-01-01;2021-04-30;2021-05-06;;testEmissaoDeNotasDeEmpenhosContabilizada;testFechamentoDosNiveisDasContasOrcamentariasDeOutrosControlesDaDespesa;testFechamentoDosLancamentosNasContasOrcamentarias
5.2.2.9.2.01.03.00.00.00.00.000;0101;0,00;2.947,43;"(-) ANULACAO DE EMPENHOS";S;2021-01-01;2021-04-30;2021-05-06;;testEmissaoDeNotasDeEmpenhosContabilizada;testFechamentoDosNiveisDasContasOrcamentariasDeOutrosControlesDaDespesa;testFechamentoDosLancamentosNasContasOrcamentarias
6.0.0.0.0.00.00.00.00.00.00.000;0101;0,00;1.854.307,28;"CONTROLES DA EXECUCAO DO PLANEJAMENTO E ORCAMENTO";N;2021-01-01;2021-04-30;2021-05-06;;;;testFechamentoDosLancamentosNasContasOrcamentarias
6.2.0.0.0.00.00.00.00.00.00.000;0101;0,00;1.854.307,28;"EXECUCAO DO ORCAMENTO";N;2021-01-01;2021-04-30;2021-05-06;;;;testFechamentoDosLancamentosNasContasOrcamentarias
6.2.2.0.0.00.00.00.00.00.00.000;0101;0,00;1.854.307,28;"EXECUCAO DA DESPESA";N;2021-01-01;2021-04-30;2021-05-06;;;;testFechamentoDosLancamentosNasContasOrcamentarias
6.2.2.1.0.00.00.00.00.00.00.000;0101;0,00;1.552.000,00;"DISPONIBILIDADES DE CREDITO";N;2021-01-01;2021-04-30;2021-05-06;;;testFechamentoDosNiveisDasContasOrcamentariasDeDotacaoOrcamentaria;testFechamentoDosLancamentosNasContasOrcamentarias
6.2.2.1.1.00.00.00.00.00.00.000;0101;0,00;1.249.692,72;"CREDITO DISPONIVEL";S;2021-01-01;2021-04-30;2021-05-06;;testDotacaoDisponivelContabilizada;testFechamentoDosNiveisDasContasOrcamentariasDeDotacaoOrcamentaria;testFechamentoDosLancamentosNasContasOrcamentarias
6.2.2.1.3.00.00.00.00.00.00.000;0101;0,00;302.307,28;"CREDITO UTILIZADO";N;2021-01-01;2021-04-30;2021-05-06;;;testFechamentoDosNiveisDasContasOrcamentariasDeDotacaoOrcamentaria;testFechamentoDosLancamentosNasContasOrcamentarias
6.2.2.1.3.01.00.00.00.00.00.000;0101;0,00;21.927,11;"CREDITO EMPENHADO A LIQUIDAR";S;2021-01-01;2021-04-30;2021-05-06;;testCreditoEmpenhadoALiquidarContabilizado;testFechamentoDosNiveisDasContasOrcamentariasDeDotacaoOrcamentaria;testFechamentoDosLancamentosNasContasOrcamentarias
6.2.2.1.3.03.00.00.00.00.00.000;0101;0,00;13.056,73;"CREDITO EMPENHADO LIQUIDADO A PAGAR";S;2021-01-01;2021-04-30;2021-05-06;;testCreditoLiquidadoAPagarContabilizado;testFechamentoDosNiveisDasContasOrcamentariasDeDotacaoOrcamentaria;testFechamentoDosLancamentosNasContasOrcamentarias
6.2.2.1.3.04.00.00.00.00.00.000;0101;0,00;267.323,44;"CREDITO EMPENHADO LIQUIDADO PAGO";S;2021-01-01;2021-04-30;2021-05-06;;testCreditoLiquidadoPagoContabilizado;testFechamentoDosNiveisDasContasOrcamentariasDeDotacaoOrcamentaria;testFechamentoDosLancamentosNasContasOrcamentarias
6.2.2.9.0.00.00.00.00.00.00.000;0101;0,00;302.307,28;"OUTROS CONTROLES DA DESPESA ORCAMENTARIA";N;2021-01-01;2021-04-30;2021-05-06;;;testFechamentoDosNiveisDasContasOrcamentariasDeOutrosControlesDaDespesa;testFechamentoDosLancamentosNasContasOrcamentarias
6.2.2.9.2.00.00.00.00.00.00.000;0101;0,00;302.307,28;"EMISSAO DE EMPENHO";N;2021-01-01;2021-04-30;2021-05-06;;;testFechamentoDosNiveisDasContasOrcamentariasDeOutrosControlesDaDespesa;testFechamentoDosLancamentosNasContasOrcamentarias
6.2.2.9.2.01.00.00.00.00.00.000;0101;0,00;302.307,28;"EMPENHOS POR NOTA DE EMPENHO";N;2021-01-01;2021-04-30;2021-05-06;;;testFechamentoDosNiveisDasContasOrcamentariasDeOutrosControlesDaDespesa;testFechamentoDosLancamentosNasContasOrcamentarias
6.2.2.9.2.01.01.00.00.00.00.000;0101;0,00;21.927,11;"EMPENHOS A LIQUIDAR";S;2021-01-01;2021-04-30;2021-05-06;;testEmpenhosALiquidarContabilizado;testFechamentoDosNiveisDasContasOrcamentariasDeOutrosControlesDaDespesa;testFechamentoDosLancamentosNasContasOrcamentarias
6.2.2.9.2.01.03.00.00.00.00.000;0101;0,00;13.056,73;"EMPENHOS LIQUIDADOS A PAGAR";S;2021-01-01;2021-04-30;2021-05-06;;testEmpenhoLiquidadoAPagarContabilizado;testFechamentoDosNiveisDasContasOrcamentariasDeOutrosControlesDaDespesa;testFechamentoDosLancamentosNasContasOrcamentarias
6.2.2.9.2.01.04.00.00.00.00.000;0101;0,00;267.323,44;"EMPENHOS LIQUIDADOS PAGOS";S;2021-01-01;2021-04-30;2021-05-06;;testEmpenhosPagosContabilizado;testFechamentoDosNiveisDasContasOrcamentariasDeOutrosControlesDaDespesa;testFechamentoDosLancamentosNasContasOrcamentarias
7.0.0.0.0.00.00.00.00.00.00.000;0101;765.233,20;0,00;"CONTROLES DEVEDORES";N;2021-01-01;2021-04-30;2021-05-06;;;;testFechamentoDosLancamentosNasContasDeControle
7.1.0.0.0.00.00.00.00.00.00.000;0101;8.961,10;0,00;"ATOS POTENCIAIS";N;2021-01-01;2021-04-30;2021-05-06;;;;testFechamentoDosLancamentosNasContasDeControle
7.1.2.0.0.00.00.00.00.00.00.000;0101;8.961,10;0,00;"ATOS POTENCIAIS PASSIVOS";N;2021-01-01;2021-04-30;2021-05-06;;;;testFechamentoDosLancamentosNasContasDeControle
7.1.2.3.0.00.00.00.00.00.00.000;0101;8.961,10;0,00;"OBRIGACOES CONTRATUAIS";N;2021-01-01;2021-04-30;2021-05-06;;;;testFechamentoDosLancamentosNasContasDeControle
7.1.2.3.1.00.00.00.00.00.00.000;0101;8.961,10;0,00;"OBRIGACOES CONTRATUAIS - CONSOLIDACAO";N;2021-01-01;2021-04-30;2021-05-06;;;;testFechamentoDosLancamentosNasContasDeControle
7.1.2.3.1.02.00.00.00.00.00.000;0101;8.961,10;0,00;"CONTRATOS DE SERVICOS";S;2021-01-01;2021-04-30;2021-05-06;;;testFechamentoDosNiveisDasContasDeControleDeObrigacoesDeContratosDeServicos;testFechamentoDosLancamentosNasContasDeControle
7.2.0.0.0.00.00.00.00.00.00.000;0101;520.714,20;0,00;"ADMINISTRACAO FINANCEIRA";N;2021-01-01;2021-04-30;2021-05-06;;;;testFechamentoDosLancamentosNasContasDeControle
7.2.1.0.0.00.00.00.00.00.00.000;0101;520.714,20;0,00;"DISPONIBILIDADES POR DESTINACAO";N;2021-01-01;2021-04-30;2021-05-06;;;;testFechamentoDosLancamentosNasContasDeControle
7.2.1.1.0.00.00.00.00.00.00.000;0101;520.714,20;0,00;"CONTROLE DA DISPONIBILIDADE DE RECURSOS";N;2021-01-01;2021-04-30;2021-05-06;;;testFechamentoDosNiveisDasContasDeControleDeDisponibilidades;testFechamentoDosLancamentosNasContasDeControle
7.2.1.1.1.00.00.00.00.00.00.000;0101;520.681,53;0,00;"RECURSOS ORDINARIOS";N;2021-01-01;2021-04-30;2021-05-06;;;testFechamentoDosNiveisDasContasDeControleDeDisponibilidades;testFechamentoDosLancamentosNasContasDeControle
7.2.1.1.1.00.01.00.00.00.00.000;0101;520.681,53;0,00;"DISPONIBILIDADE POR DESTINACAO DE RECURSOS - LIVRE";S;2021-01-01;2021-04-30;2021-05-06;;;testFechamentoDosNiveisDasContasDeControleDeDisponibilidades;testFechamentoDosLancamentosNasContasDeControle
7.2.1.1.3.80.01.00.00.00.00.000;0101;32,67;0,00;"DISPONIBILIDADE POR DESTINACAO DE RECURSOS - RETENCOES E OUTROS EXTRAORCAMENTARIOS";S;2021-01-01;2021-04-30;2021-05-06;;;testFechamentoDosNiveisDasContasDeControleDeDisponibilidades;testFechamentoDosLancamentosNasContasDeControle
7.9.0.0.0.00.00.00.00.00.00.000;0101;235.557,90;0,00;"OUTROS CONTROLES";N;2021-01-01;2021-04-30;2021-05-06;;;;testFechamentoDosLancamentosNasContasDeControle
7.9.9.0.0.00.00.00.00.00.00.000;0101;235.557,90;0,00;"DEMAIS CONTROLES";N;2021-01-01;2021-04-30;2021-05-06;;;;testFechamentoDosLancamentosNasContasDeControle
7.9.9.9.0.00.00.00.00.00.00.000;0101;235.557,90;0,00;"DEMAIS CONTROLES";N;2021-01-01;2021-04-30;2021-05-06;;;;testFechamentoDosLancamentosNasContasDeControle
7.9.9.9.1.00.00.00.00.00.00.000;0101;957,90;0,00;"DESPESA SEM EMPENHO PREVIO";S;2021-01-01;2021-04-30;2021-05-06;;;testFechamentoDosNiveisDasContasDeControleDeDespesaSemEmpenhoPrevio;testFechamentoDosLancamentosNasContasDeControle
7.9.9.9.4.00.00.00.00.00.00.000;0101;234.600,00;0,00;"LIMITE DE SUPLEMENTACAO AUTORIZADO NA LOA UTILIZADO";S;2021-01-01;2021-04-30;2021-05-06;;;testFechamentoDosNiveisDasContasDeControleDeLimiteDeSuplementacao;testFechamentoDosLancamentosNasContasDeControle
8.0.0.0.0.00.00.00.00.00.00.000;0101;0,00;765.233,20;"CONTROLES CREDORES";N;2021-01-01;2021-04-30;2021-05-06;;;;testFechamentoDosLancamentosNasContasDeControle
8.1.0.0.0.00.00.00.00.00.00.000;0101;0,00;8.961,10;"EXECUCAO DOS ATOS POTENCIAIS";N;2021-01-01;2021-04-30;2021-05-06;;;;testFechamentoDosLancamentosNasContasDeControle
8.1.2.0.0.00.00.00.00.00.00.000;0101;0,00;8.961,10;"EXECUCAO DOS ATOS POTENCIAIS PASSIVOS";N;2021-01-01;2021-04-30;2021-05-06;;;;testFechamentoDosLancamentosNasContasDeControle
8.1.2.3.0.00.00.00.00.00.00.000;0101;0,00;8.961,10;"EXECUCAO DE OBRIGACOES CONTRATUAIS";N;2021-01-01;2021-04-30;2021-05-06;;;;testFechamentoDosLancamentosNasContasDeControle
8.1.2.3.1.00.00.00.00.00.00.000;0101;0,00;8.961,10;"EXECUCAO DE OBRIGACOES -CONSOLIDACAO";N;2021-01-01;2021-04-30;2021-05-06;;;;testFechamentoDosLancamentosNasContasDeControle
8.1.2.3.1.02.00.00.00.00.00.000;0101;0,00;8.961,10;"CONTRATOS DE SERVICOS";N;2021-01-01;2021-04-30;2021-05-06;;;testFechamentoDosNiveisDasContasDeControleDeObrigacoesDeContratosDeServicos;testFechamentoDosLancamentosNasContasDeControle
8.1.2.3.1.02.01.00.00.00.00.000;0101;0,00;635,70;"A EXECUTAR";S;2021-01-01;2021-04-30;2021-05-06;;;testFechamentoDosNiveisDasContasDeControleDeObrigacoesDeContratosDeServicos;testFechamentoDosLancamentosNasContasDeControle
8.1.2.3.1.02.02.00.00.00.00.000;0101;0,00;8.325,40;EXECUTADOS;S;2021-01-01;2021-04-30;2021-05-06;;;testFechamentoDosNiveisDasContasDeControleDeObrigacoesDeContratosDeServicos;testFechamentoDosLancamentosNasContasDeControle
8.2.0.0.0.00.00.00.00.00.00.000;0101;0,00;520.714,20;"EXECUCAO DA ADMINISTRACAO FINANCEIRA";N;2021-01-01;2021-04-30;2021-05-06;;;;testFechamentoDosLancamentosNasContasDeControle
8.2.1.0.0.00.00.00.00.00.00.000;0101;0,00;520.714,20;"EXECUCAO DAS DISPONIBILIDADES POR DESTINACAO";N;2021-01-01;2021-04-30;2021-05-06;;;;testFechamentoDosLancamentosNasContasDeControle
8.2.1.1.0.00.00.00.00.00.00.000;0101;0,00;520.714,20;"EXECUCAO DA DISPONIBILIDADE DE RECURSOS";N;2021-01-01;2021-04-30;2021-05-06;;;testFechamentoDosNiveisDasContasDeControleDeDisponibilidades;testFechamentoDosLancamentosNasContasDeControle
8.2.1.1.1.00.00.00.00.00.00.000;0101;0,00;218.374,25;"DISPONIBILIDADE POR DESTINACAO DE RECURSOS";N;2021-01-01;2021-04-30;2021-05-06;;testRecursosDisponiveis;testFechamentoDosNiveisDasContasDeControleDeDisponibilidades;testFechamentoDosLancamentosNasContasDeControle
8.2.1.1.1.01.00.01.00.00.00.000;0101;0,00;218.374,25;"DISPONIBILIDADE POR DESTINACAO DE RECURSOS - LIVRE";S;2021-01-01;2021-04-30;2021-05-06;;testRecursosDisponiveis;testFechamentoDosNiveisDasContasDeControleDeDisponibilidades;testFechamentoDosLancamentosNasContasDeControle
8.2.1.1.2.00.00.00.00.00.00.000;0101;0,00;21.927,11;"DISPONIBILIDADE POR DESTINACAO DE RECURSOS COMPROMETIDA POR EMPENHO";N;2021-01-01;2021-04-30;2021-05-06;;testRecursosComprometidosPorEmpenhoALiquidar;testFechamentoDosNiveisDasContasDeControleDeDisponibilidades;testFechamentoDosLancamentosNasContasDeControle
8.2.1.1.2.01.00.01.00.00.00.000;0101;0,00;21.927,11;"DISPONIBILIDADE POR DESTINACAO DE RECURSOS COMPROMETIDA POR EMPENHO - LIVRE";S;2021-01-01;2021-04-30;2021-05-06;;testRecursosComprometidosPorEmpenhoALiquidar;testFechamentoDosNiveisDasContasDeControleDeDisponibilidades;testFechamentoDosLancamentosNasContasDeControle
8.2.1.1.3.00.00.00.00.00.00.000;0101;0,00;13.056,73;"DISPONIBILIDADE POR DESTINACAO DE RECURSOS COMPROMETIDA POR LIQUIDACAO E ENTRADAS COMPENSATORIAS";N;2021-01-01;2021-04-30;2021-05-06;;testRecursosComprometidosPorLiquidacaoEExtrasAPagar;testFechamentoDosNiveisDasContasDeControleDeDisponibilidades;testFechamentoDosLancamentosNasContasDeControle
8.2.1.1.3.01.00.01.00.00.00.000;0101;0,00;13.056,73;"DISPONIBILIDADE POR DESTINACAO DE RECURSOS - LIVRE";S;2021-01-01;2021-04-30;2021-05-06;;testRecursosComprometidosPorLiquidacaoEExtrasAPagar;testFechamentoDosNiveisDasContasDeControleDeDisponibilidades;testFechamentoDosLancamentosNasContasDeControle
8.2.1.1.3.02.80.01.00.00.00.000;0101;0,00;0,00;"DISPONIBILIDADE POR DESTINACAO DE RECURSOS - RETENCOES E OUTROS EXTRAORCAMENTARIOS";S;2021-01-01;2021-04-30;2021-05-06;;testRecursosComprometidosPorLiquidacaoEExtrasAPagar;testFechamentoDosNiveisDasContasDeControleDeDisponibilidades;testFechamentoDosLancamentosNasContasDeControle
8.2.1.1.4.00.00.00.00.00.00.000;0101;0,00;267.356,11;"DISPONIBILIDADE POR DESTINACAO DE RECURSOS UTILIZADA";N;2021-01-01;2021-04-30;2021-05-06;;;testFechamentoDosNiveisDasContasDeControleDeDisponibilidades;testFechamentoDosLancamentosNasContasDeControle
8.2.1.1.4.00.01.00.00.00.00.000;0101;0,00;267.323,44;"DISPONIBILIDADE POR DESTINACAO DE RECURSOS - LIVRE";S;2021-01-01;2021-04-30;2021-05-06;;;testFechamentoDosNiveisDasContasDeControleDeDisponibilidades;testFechamentoDosLancamentosNasContasDeControle
8.2.1.1.4.80.01.00.00.00.00.000;0101;0,00;32,67;"DISPONIBILIDADE POR DESTINACAO DE RECURSOS - RETENCOES E OUTROS EXTRAORCAMENTARIOS";S;2021-01-01;2021-04-30;2021-05-06;;;testFechamentoDosNiveisDasContasDeControleDeDisponibilidades;testFechamentoDosLancamentosNasContasDeControle
8.9.0.0.0.00.00.00.00.00.00.000;0101;0,00;235.557,90;"OUTROS CONTROLES";N;2021-01-01;2021-04-30;2021-05-06;;;;testFechamentoDosLancamentosNasContasDeControle
8.9.9.0.0.00.00.00.00.00.00.000;0101;0,00;235.557,90;"DEMAIS CONTROLES CREDORES";N;2021-01-01;2021-04-30;2021-05-06;;;;testFechamentoDosLancamentosNasContasDeControle
8.9.9.9.0.00.00.00.00.00.00.000;0101;0,00;235.557,90;"DEMAIS CONTROLES";N;2021-01-01;2021-04-30;2021-05-06;;;;testFechamentoDosLancamentosNasContasDeControle
8.9.9.9.1.00.00.00.00.00.00.000;0101;0,00;957,90;"DESPESA SEM EMPENHO PREVIO - ART. 60 L4320/64";N;2021-01-01;2021-04-30;2021-05-06;;;testFechamentoDosNiveisDasContasDeControleDeDespesaSemEmpenhoPrevio;testFechamentoDosLancamentosNasContasDeControle
8.9.9.9.1.01.00.00.00.00.00.000;0101;0,00;957,90;"DESPESA SEM EMPENHO PREVIO EM 2021";S;2021-01-01;2021-04-30;2021-05-06;;;testFechamentoDosNiveisDasContasDeControleDeDespesaSemEmpenhoPrevio;testFechamentoDosLancamentosNasContasDeControle
8.9.9.9.4.00.00.00.00.00.00.000;0101;0,00;234.600,00;"CONTROLE DA SUPLEMENTACAO AUTORIZADO EM LOA";N;2021-01-01;2021-04-30;2021-05-06;;;testFechamentoDosNiveisDasContasDeControleDeLimiteDeSuplementacao;testFechamentoDosLancamentosNasContasDeControle
8.9.9.9.4.01.00.00.00.00.00.000;0101;0,00;234.600,00;"LOA 2021 LEI 2972/2020";N;2021-01-01;2021-04-30;2021-05-06;;;testFechamentoDosNiveisDasContasDeControleDeLimiteDeSuplementacao;testFechamentoDosLancamentosNasContasDeControle
8.9.9.9.4.01.01.00.00.00.00.000;0101;0,00;234.600,00;"LIMITE DISPONIVEL";S;2021-01-01;2021-04-30;2021-05-06;;;testFechamentoDosNiveisDasContasDeControleDeLimiteDeSuplementacao;testFechamentoDosLancamentosNasContasDeControle
